n,delta,flip_rate,repaired,regressed,stable_wrong,stable_wrong_rate,model,condition,category,ci_low,ci_high
2000,-0.0015,0.0125,11,14,1059,0.5295,NoMeta,Prompt,object_existence,-0.006503414451341845,0.003418135969606162
2000,0.0,0.0,0,0,1517,0.7585,NoMeta,Prompt,temporal_grounding,0.0,0.0
2000,0.0015,0.0175,12,9,1256,0.628,NoMeta,Prompt,ego_relative_spatial,-0.002737946585799817,0.005726632805205072
2000,-0.01,0.029,19,39,933,0.4665,NoMeta,Prompt,motion_action,-0.017241379310344827,-0.0028596965522493423
2000,0.0065,0.014,16,3,1489,0.7445,NoMeta,Prompt,distance_depth,0.002406159769008662,0.011434511434511435
10000,-0.0007,0.0146,58,65,6254,0.6254,NoMeta,Prompt,Overall,-0.00274252353837454,0.001290469891101439
6000,0.0011666666666666668,0.01,22,15,4458,0.743,NoMeta,Prompt,All MCQ,-0.0008113327702071294,0.003162976527384718
4000,-0.0035,0.0215,36,50,1796,0.449,NoMeta,Prompt,All binary,-0.007371706910333182,0.0002617167348318663
2000,-0.004,0.0245,20,28,1049,0.5245,NoMeta,TSCD .5,object_existence,-0.010390998466208758,0.002100978622096546
2000,0.0,0.0,0,0,1517,0.7585,NoMeta,TSCD .5,temporal_grounding,0.0,0.0
2000,0.001,0.0195,16,14,1257,0.6285,NoMeta,TSCD .5,ego_relative_spatial,-0.0036842105263157894,0.005811278856457424
2000,0.003,0.073,76,70,876,0.438,NoMeta,TSCD .5,motion_action,-0.00889786444883318,0.015144632736336613
2000,0.0015,0.0045,5,2,1507,0.7535,NoMeta,TSCD .5,distance_depth,-0.0005083948735002412,0.0039081582804103565
10000,0.0003,0.0243,117,114,6206,0.6206,NoMeta,TSCD .5,Overall,-0.002459539303213628,0.0031256380468475155
6000,0.0003333333333333333,0.005666666666666667,12,10,4479,0.7465,NoMeta,TSCD .5,All MCQ,-0.001008746674983425,0.0017135612013192431
4000,0.00025,0.05225,105,104,1727,0.43175,NoMeta,TSCD .5,All binary,-0.006477523221254791,0.0071338488840108375
2000,-0.004,0.0265,22,30,1047,0.5235,NoMeta,TSCD 1,object_existence,-0.01073706342935672,0.002500031265632816
2000,0.0,0.0,0,0,1517,0.7585,NoMeta,TSCD 1,temporal_grounding,0.0,0.0
2000,0.001,0.0195,16,14,1257,0.6285,NoMeta,TSCD 1,ego_relative_spatial,-0.0036842105263157894,0.005811278856457424
2000,0.003,0.072,75,69,877,0.4385,NoMeta,TSCD 1,motion_action,-0.008587955101536753,0.014978256563121994
2000,0.002,0.0055,6,2,1505,0.7525,NoMeta,TSCD 1,distance_depth,0.0,0.004547808868753866
10000,0.0004,0.0247,119,115,6203,0.6203,NoMeta,TSCD 1,Overall,-0.0025278649024044557,0.003397150595385656
6000,0.0003333333333333333,0.006166666666666667,13,11,4477,0.7461666666666666,NoMeta,TSCD 1,All MCQ,-0.0010672681570723726,0.0017994585312671996
4000,0.0005,0.0525,106,104,1726,0.4315,NoMeta,TSCD 1,All binary,-0.0064549766939574075,0.00757968798501683
2000,-0.0035,0.028,24,31,1045,0.5225,NoMeta,TSCD 1.5,object_existence,-0.010779029887310143,0.003692080587598411
2000,0.0,0.0,0,0,1517,0.7585,NoMeta,TSCD 1.5,temporal_grounding,0.0,0.0
2000,0.001,0.0185,15,13,1258,0.629,NoMeta,TSCD 1.5,ego_relative_spatial,-0.003565970453387672,0.005639097744360902
2000,0.0015,0.0715,73,70,879,0.4395,NoMeta,TSCD 1.5,motion_action,-0.009764026012860687,0.012917731349937116
2000,0.0025,0.006,7,2,1504,0.752,NoMeta,TSCD 1.5,distance_depth,0.0,0.005799903334944417
10000,0.0003,0.0248,119,116,6203,0.6203,NoMeta,TSCD 1.5,Overall,-0.002658016706651036,0.0032921206864307477
6000,0.0006666666666666666,0.006166666666666667,14,10,4476,0.746,NoMeta,TSCD 1.5,All MCQ,-0.0007995492347608036,0.0021506177985848337
4000,-0.00025,0.05275,105,106,1727,0.43175,NoMeta,TSCD 1.5,All binary,-0.007241037642145248,0.006716653817273596
2000,-0.0085,0.0185,10,27,1055,0.5275,Meta,Prompt,object_existence,-0.014162978058122735,-0.0025746321660633942
2000,0.0,0.0,0,0,1517,0.7585,Meta,Prompt,temporal_grounding,0.0,0.0
2000,-0.0155,0.0815,21,52,1174,0.587,Meta,Prompt,ego_relative_spatial,-0.02390066883517555,-0.007256537399096141
2000,-0.0035,0.0165,13,20,987,0.4935,Meta,Prompt,motion_action,-0.008862957006633861,0.0019980269605457007
2000,-0.006,0.0475,6,18,1435,0.7175,Meta,Prompt,distance_depth,-0.013294271468434435,-0.00047595251044325307
10000,-0.0067,0.0328,50,117,6168,0.6168,Meta,Prompt,Overall,-0.009319636783954402,-0.004090979394414491
6000,-0.0095,0.04066666666666666,13,70,4322,0.7203333333333334,Meta,Prompt,All MCQ,-0.012923813671402037,-0.006229978830795467
4000,-0.0025,0.021,37,47,1846,0.4615,Meta,Prompt,All binary,-0.006940918654619416,0.0019753208382499565
2000,-0.001,0.038,37,39,1028,0.514,Meta,TSCD .5,object_existence,-0.010050504029200328,0.007704420271228041
2000,0.0,0.0,0,0,1517,0.7585,Meta,TSCD .5,temporal_grounding,0.0,0.0
2000,0.003,0.063,60,54,1213,0.6065,Meta,TSCD .5,ego_relative_spatial,-0.007948434578816223,0.01417004048582996
2000,0.005,0.056,61,51,939,0.4695,Meta,TSCD .5,motion_action,-0.005670103092783505,0.015311510031678986
2000,0.0005,0.0035,3,2,1507,0.7535,Meta,TSCD .5,distance_depth,-0.0015504277000445144,0.0026511486283124852
10000,0.0015,0.0321,161,146,6204,0.6204,Meta,TSCD .5,Overall,-0.0022353293831150057,0.0051862625582952656
6000,0.0005,0.006833333333333334,15,12,4467,0.7445,Meta,TSCD .5,All MCQ,-0.0012823111099200543,0.00237894970040976
4000,0.003,0.07,146,134,1737,0.43425,Meta,TSCD .5,All binary,-0.006125574272588055,0.011893202200176608
2000,-0.0005,0.0365,36,37,1029,0.5145,Meta,TSCD 1,object_existence,-0.009128069548962043,0.007920792079207921
2000,0.0,0.0,0,0,1517,0.7585,Meta,TSCD 1,temporal_grounding,0.0,0.0
2000,0.0045,0.065,63,54,1209,0.6045,Meta,TSCD 1,ego_relative_spatial,-0.006404415487061664,0.015617325251889167
2000,0.0045,0.0545,59,50,941,0.4705,Meta,TSCD 1,motion_action,-0.005965488544499859,0.014734955083678067
2000,0.0005,0.0035,3,2,1507,0.7535,Meta,TSCD 1,distance_depth,-0.0015504277000445144,0.0026511486283124852
10000,0.0018,0.0319,161,143,6203,0.6203,Meta,TSCD 1,Overall,-0.0019069078113655167,0.005357317854932356
6000,0.0003333333333333333,0.0075,16,14,4465,0.7441666666666666,Meta,TSCD 1,All MCQ,-0.0015020214797444626,0.0021881930169676336
4000,0.004,0.0685,145,129,1738,0.4345,Meta,TSCD 1,All binary,-0.005004098030873883,0.012817572049758206
2000,0.0005,0.0365,37,36,1028,0.514,Meta,TSCD 1.5,object_existence,-0.00850850850850851,0.009557464312801823
2000,0.0,0.0,0,0,1517,0.7585,Meta,TSCD 1.5,temporal_grounding,0.0,0.0
2000,0.005,0.0655,64,54,1208,0.604,Meta,TSCD 1.5,ego_relative_spatial,-0.006292734003972733,0.01625645225917458
2000,0.0035,0.0535,57,50,943,0.4715,Meta,TSCD 1.5,motion_action,-0.007057661164173061,0.013615023474178404
2000,0.0005,0.0035,3,2,1507,0.7535,Meta,TSCD 1.5,distance_depth,-0.0015504277000445144,0.0026511486283124852
10000,0.0019,0.0318,161,142,6203,0.6203,Meta,TSCD 1.5,Overall,-0.0019161290392837019,0.005532753990515246
6000,0.0005,0.007333333333333333,16,13,4465,0.7441666666666666,Meta,TSCD 1.5,All MCQ,-0.0013369039819595807,0.002322947897253058
4000,0.004,0.0685,145,129,1738,0.4345,Meta,TSCD 1.5,All binary,-0.005264601906740543,0.013102710162178954
